{
	"credit": "Made with Blockbench",
	"parent": "minecraft:builtin/generated",
	"textures": {
		"particle": "freakycraft:item/baby_oil",
		"layer0": "freakycraft:item/baby_oil"
	},
	"gui_light": "front",
	"display": {
		"thirdperson_righthand": {
			"translation": [0, -4.5, 0]
		},
		"thirdperson_lefthand": {
			"translation": [0, -4.5, 0]
		},
		"firstperson_righthand": {
			"rotation": [0, -90, 25],
			"translation": [1.13, 3.2, 1.13],
			"scale": [0.68, 0.68, 0.68]
		},
		"firstperson_lefthand": {
			"rotation": [0, 90, -25],
			"translation": [1.13, 3.2, 1.13],
			"scale": [0.68, 0.68, 0.68]
		},
		"ground": {
			"translation": [0, 2, 0],
			"scale": [0.75, 0.75, 0.75]
		},
		"gui": {
			"scale": [1.0625, 1.0625, 1.0625]
		},
		"head": {
			"rotation": [0, 180, 0],
			"translation": [0, 13, 0]
		},
		"fixed": {
			"rotation": [0, 180, 0],
			"scale": [1.25, 1.25, 1.25]
		}
	}
}