{
  "model": {
    "type": "minecraft:select",
    "property": "minecraft:local_time",
    "pattern": "HH",
    "cases": [
      {
        "when": [
          "00",
          "01",
          "02",
          "19",
          "20",
          "21",
          "22",
          "23",
          "04"
        ],
        "model": {
          "type": "minecraft:model",
          "model": "freakycraft:block/chiseled_resin_bricks"
        }
      }
    ],
    "fallback": {
      "type": "minecraft:model",
      "model": "minecraft:block/chiseled_resin_bricks"
    }
  }
}