{
  "model": {
    "type": "minecraft:condition",
    "property": "minecraft:has_component",
    "component": "minecraft:custom_data",
    "ignore_default": true,
    "on_true": {
    "type": "minecraft:select",
    "property": "minecraft:display_context",
    "cases": [
      {
        "when": "gui",
        "model": {
          "type": "minecraft:model",
          "model": "freakycraft:item/baby_oil"
        }
      }
    ],
    "fallback": {
      "type": "minecraft:condition",
      "property": "minecraft:using_item",
      "on_false": {
        "type": "minecraft:model",
        "model": "freakycraft:item/baby_oil"
      },
      "on_true": {
        "type": "minecraft:range_dispatch",
        "property": "minecraft:use_duration",
        "remaining": true,
        "scale": 0.035,
        "entries": [
          {
            "threshold": 0,
            "model": {
              "type": "minecraft:model",
              "model": "freakycraft:item/baby_oil_opened_fully"
            }
          },
          {
            "threshold": 0.125,
            "model": {
              "type": "minecraft:model",
              "model": "freakycraft:item/baby_oil_opened_almost"
            }
          },
          {
            "threshold": 0.25,
            "model": {
              "type": "minecraft:model",
              "model": "freakycraft:item/baby_oil_opened_fiftybyfifty"
            }
          },
          {
            "threshold": 0.5,
            "model": {
              "type": "minecraft:model",
              "model": "freakycraft:item/baby_oil_opened_slightly"
            }
          },
          {
            "threshold": 0.75,
            "model": {
              "type": "minecraft:model",
              "model": "freakycraft:item/baby_oil"
            }
          }
        ],
        "fallback": {
          "type": "minecraft:model",
          "model": "freakycraft:item/baby_oil_opened_fully"
        }
      }
    }
  },
      "on_false": {
    "type": "minecraft:select",
    "property": "minecraft:display_context",
    "cases": [
      {
        "when": "gui",
        "model": {
          "type": "minecraft:model",
          "model": "minecraft:item/honey_bottle"
        }
      }
    ],
    "fallback": {
      "type": "minecraft:condition",
      "property": "minecraft:using_item",
      "on_false": {
        "type": "minecraft:model",
        "model": "minecraft:item/honey_bottle"
      },
      "on_true": {
        "type": "minecraft:range_dispatch",
        "property": "minecraft:use_duration",
        "remaining": true,
        "scale": 0.035,
        "entries": [
          {
            "model": {
              "type": "minecraft:model",
              "model": "eatinganimation:honey_bottle_drinking_2"
            },
            "threshold": 0.35
          },
          {
            "model": {
              "type": "minecraft:model",
              "model": "eatinganimation:honey_bottle_drinking_1"
            },
            "threshold": 0.42
          },
          {
            "model": {
              "type": "minecraft:model",
              "model": "eatinganimation:honey_bottle_drinking_0"
            },
            "threshold": 0.65
          },
          {
            "model": {
              "type": "minecraft:model",
              "model": "minecraft:item/honey_bottle"
            },
            "threshold": 1.0
          }
        ],
        "fallback": {
          "type": "minecraft:model",
          "model": "eatinganimation:honey_bottle_drinking_2"
         }
       }
     }
    }
  }
}