{
  "type": "minecraft:crafting_shaped",
  "group": "baby_oil",
  "category": "misc",
  "pattern": [
    "shs",
    "hsh",
    "shs"
  ],
  "key": {
    "h": "minecraft:honey_bottle",
    "s": [
      "minecraft:sunflower"
    ]
  },
  "result": {
    "id": "minecraft:honey_bottle",
    "components": {
      "minecraft:custom_data": {},
      "minecraft:item_name": "{\"translate\":\"item.freakycraft.baby_oil\"}",
      "minecraft:consumable": {
        "animation": "crossbow",
        "sound": {
          "sound_id": "item.baby_oil.oil_up"
        },
        "on_consume_effects": [
          {
            "type": "minecraft:play_sound",
            "sound": {
              "sound_id": "call.aint_no_party_like_a_diddy_party"
            }
          }
        ]
      }
    },
    "count": 4
  }
}