{
  "item.baby_oil.oil_up": {
    "sounds": [
      "freakycraft:item/baby_oil/oil_up",
      {
        "name": "freakycraft:item/baby_oil/oil_up",
        "pitch": 1.25
      },
      {
        "name": "freakycraft:item/baby_oil/oil_up",
        "pitch": 0.75
      },
      {
        "name": "freakycraft:item/baby_oil/oil_up",
        "pitch": 2.0
      }
    ],
    "subtitle": "subtitles.item.freakycraft.baby_oil.oil_up"
  },
  "call.aint_no_party_like_a_diddy_party": {
    "sounds": [
      "freakycraft:call/aint_no_party_like_a_diddy_party"
    ],
    "subtitle": "subtitles.call.freakycraft.aint_no_party_like_a_diddy_party"
  }
}