{
  "parent": "minecraft:recipes/root",
  "criteria": {
    "has_honey_bottle": {
      "conditions": {
        "items": [
          {
            "items": "minecraft:honey_bottle"
          }
        ]
      },
      "trigger": "minecraft:inventory_changed"
    },
    "has_the_recipe": {
      "conditions": {
        "recipe": "freakycraft:baby_oil"
      },
      "trigger": "minecraft:recipe_unlocked"
    },
    "has_sunflower": {
      "conditions": {
        "items": [
          {
            "items": "minecraft:sunflower"
          }
        ]
      },
      "trigger": "minecraft:inventory_changed"
    }
  },
  "requirements": [
    [
      "has_honey_bottle",
      "has_the_recipe",
      "has_sunflower"
    ]
  ],
  "rewards": {
    "recipes": [
      "freakycraft:baby_oil"
    ]
  }
}