{
	"credit": "Made with Blockbench",
	"textures": {
		"0": "freakycraft:block/chiseled_baby_oil",
		"particle": "freakycraft:block/chiseled_baby_oil"
	},
	"elements": [
		{
			"from": [0, 0, 0],
			"to": [16, 16, 16],
			"faces": {
				"north": {"cullface": "north", "texture": "#0"},
				"east": {"cullface": "east", "texture": "#0"},
				"south": {"cullface": "south", "texture": "#0"},
				"west": {"cullface": "west", "texture": "#0"},
				"up": {"cullface": "up", "texture": "#0"},
				"down": {"cullface": "down", "texture": "#0"}
			}
		}
	],
	"display": {
		"thirdperson_righthand": {
			"rotation": [75, 45, 0],
			"translation": [0, 2.5, 0],
			"scale": [0.375, 0.375, 0.375]
		},
		"thirdperson_lefthand": {
			"rotation": [75, 45, 0],
			"translation": [0, 2.5, 0],
			"scale": [0.375, 0.375, 0.375]
		},
		"firstperson_righthand": {
			"rotation": [0, 45, 0],
			"scale": [0.4, 0.4, 0.4]
		},
		"firstperson_lefthand": {
			"rotation": [0, 225, 0],
			"scale": [0.4, 0.4, 0.4]
		},
		"ground": {
			"translation": [0, 3, 0],
			"scale": [0.25, 0.25, 0.25]
		},
		"gui": {
			"rotation": [30, 225, 0],
			"scale": [0.625, 0.625, 0.625]
		},
		"fixed": {
			"translation": [0, 0, -16],
			"scale": [2, 2, 2]
		}
	},
	"groups": [
		{
			"name": "block",
			"origin": [8, 8, 8],
			"color": 0,
			"children": [0]
		}
	]
}